hostname,Valid until,Status
absensi.srinapps.com,2019-06-03 07:43:38,OK
api-cesfa.srinapps.com,2020-06-03 07:43:38,OK
api-halmahera.srinapps.com,2020-06-03 07:43:38,OK
api-indramayu.srinapps.com,2020-06-03 07:43:38,OK
api-myfaith.srinapps.com,2020-06-03 07:43:38,OK
api-rep.indramayu.srinapps.com,2019-04-22 03:15:38,OK
api-s-salaam.srinapps.com,2019-06-03 07:43:38,OK
api-s-salaam.srinapps.com,N/A ,DISCONNECTED
api-slime.srinapps.com,2020-06-03 07:43:38,OK
api-stg-salesvisit.srinapps.com,2019-06-03 07:43:38,OK
api-stg-slime.srinapps.com,2020-06-03 07:43:38,OK
api.ce-sfa.srinapps.com,2020-06-03 07:43:38,OK
api.indramayu.srinapps.com,2020-04-22 03:15:38,OK
api.indramayu.srinapps.com,N/A ,DISCONNECTED
apistg-halmahera.srinapps.com,2019-10-11 07:27:01,OK
app-ambassador.srinapps.com,2020-06-03 07:43:38,OK
app-appstationindonesia.srinapps.com,2020-06-03 07:43:38,OK
app-cesfa.srinapps.com,2020-06-03 07:43:38,OK
app-ecs.srinapps.com,2019-10-11 07:27:01,OK
app-nabire.srinapps.com,2020-06-03 07:43:38,OK
app.ce-sfa.srinapps.com,2020-06-03 07:43:38,OK
appdynamics.srinapps.com,2039-03-28 15:23:41,OK
appstation.srinapps.com,2020-06-03 07:43:38,OK
appstationindonesia.srinapps.com,2020-06-03 07:43:38,OK
appstationindonesia.srinapps.com,N/A ,DISCONNECTED
appstationindonesia.srinapps.com,N/A ,DISCONNECTED
appstationindonesia.srinapps.com,N/A ,DISCONNECTED
bastion1.srinapps.com,2036-12-31 07:38:39,OK
bastion2.srinapps.com,2036-12-31 17:41:50,OK
cdn-indramayu.srinapps.com,2020-06-03 07:43:38,OK
cdn-myfaith.srinapps.com,2020-06-03 07:43:38,OK
cdn-s-salaam.srinapps.com,2020-06-03 07:43:38,OK
cdn-stgsreligion.srinapps.com,2019-06-03 07:43:38,OK
cdn.indramayu.srinapps.com,2020-06-03 07:43:38,OK
ce-sfa.srinapps.com,2020-06-03 07:43:38,OK
ce-sfa.srinapps.com,N/A ,DISCONNECTED
chef.srinapps.com,2019-06-03 07:43:38,OK
cms-ambassador.srinapps.com,2020-06-03 07:43:38,OK
cms-appstationindonesia.srinapps.com,2020-06-03 07:43:38,OK
cms-cesfa.srinapps.com,2020-06-03 07:43:38,OK
cms-ecs.srinapps.com,2019-10-11 07:27:01,OK
cms-indramayu.srinapps.com,2020-06-03 07:43:38,OK
cms-myfaith.srinapps.com,2020-06-03 07:43:38,OK
cms-nabire.srinapps.com,2020-06-03 07:43:38,OK
cms-slime.srinapps.com,2020-06-03 07:43:38,OK
cms-stg-salesvisit.srinapps.com,2019-06-03 07:43:38,OK
cms-stg-slime.srinapps.com,2020-06-03 07:43:38,OK
cms-stgsreligion.srinapps.com,2019-06-03 07:43:38,OK
cms.ce-sfa.srinapps.com,2020-06-03 07:43:38,OK
cms.indramayu.srinapps.com,2020-06-03 07:43:38,OK
cmsstg-halmahera.srinapps.com,2019-10-11 07:27:01,OK
cmsstg-halmahera.srinapps.com,N/A ,DISCONNECTED
cmsstg-halmahera.srinapps.com,N/A ,DISCONNECTED
cmsstg-halmahera.srinapps.com,N/A ,DISCONNECTED
jupyterss.srinapps.com,2020-06-03 07:43:38,OK
ldap.srinapps.com,2020-06-03 07:43:38,OK
mail.srinapps.com,2021-02-01 08:54:08,OK
myfaith.srinapps.com,2020-06-03 07:43:38,OK
partner-indramayu.srinapps.com,2020-06-03 07:43:38,OK
partner.indramayu.srinapps.com,2020-06-03 07:43:38,OK
portal-indramayu.srinapps.com,2020-06-03 07:43:38,OK
portal.indramayu.srinapps.com,2020-06-03 07:43:38,OK
preload.indramayu.srinapps.com,2020-06-03 07:43:38,OK
provider-indramayu.srinapps.com,2020-06-03 07:43:38,OK
provider.indramayu.srinapps.com,2020-06-03 07:43:38,OK
repo.srinapps.com,2039-03-28 15:23:41,OK
reporting.srinapps.com,2020-06-03 07:43:38,OK
reporting.srinapps.com,N/A ,DISCONNECTED
salaam.srinapps.com,2020-06-03 07:43:38,OK
salesvisit.srinapps.com,2020-06-03 07:43:38,OK
salesvisit.srinapps.com,N/A ,DISCONNECTED
ses.srinapps.com,2024-08-25 11:44:22,OK
sgi-partner.srinapps.com,2020-06-03 07:43:38,OK
sgi-partner.srinapps.com,N/A ,DISCONNECTED
stg-appstation.srinapps.com,2019-06-03 07:43:38,OK
stg-appstation.srinapps.com,N/A ,DISCONNECTED
stg-reporting.srinapps.com,2019-06-03 07:43:38,OK
stg-reporting.srinapps.com,N/A ,DISCONNECTED
stg-slime.srinapps.com,2020-06-03 07:43:38,OK
stg-voucher.indramayu.srinapps.com,2019-10-11 07:27:01,OK
stg.ce-sfa.srinapps.com,2019-10-11 07:27:01,OK
stg.salesvisit.srinapps.com,2019-06-03 07:43:38,OK
stg.salesvisit.srinapps.com,N/A ,DISCONNECTED
stgsreligion.srinapps.com,2019-06-03 07:43:38,OK
supermarket.srinapps.com,2019-06-03 07:43:38,OK
ticket.srinapps.com,2019-06-03 07:43:38,OK
voucher-indramayu.srinapps.com,2020-06-03 07:43:38,OK
voucher.indramayu.srinapps.com,2020-06-03 07:43:38,OK
wordsurvey.srinapps.com,2019-10-11 07:27:01,OK
